{"meta": {"version": "6.0", "timestamp": "2021-10-05T02:20:56.153920", "branch_coverage": false, "show_contexts": false}, "files": {"src/URL_info.py": {"executed_lines": [1, 2, 3, 4, 6, 7, 8, 9, 10, 11, 12, 13, 14, 15, 16, 18, 19, 20, 21, 24, 25, 27, 28, 29, 30, 31, 33, 34, 36, 43, 44, 45, 46, 50, 51, 53, 54, 55, 57, 58, 60, 62, 64, 65, 66, 68, 70, 71, 73, 74, 78, 80, 81, 82, 83, 84, 85, 86, 91, 93, 94, 95, 97, 98, 99, 101, 102, 103, 104, 106, 108, 110, 111, 113, 114, 115, 116, 117, 118, 119, 121, 123, 125, 126, 127, 128, 129, 131, 132, 133, 135, 136, 138, 139, 140, 142, 149, 150, 151, 153, 155, 156, 157, 158, 159, 160, 162], "summary": {"covered_lines": 107, "num_statements": 117, "percent_covered": 91.45299145299145, "percent_covered_display": "91", "missing_lines": 10, "excluded_lines": 0}, "missing_lines": [38, 39, 40, 41, 48, 75, 76, 87, 89, 112], "excluded_lines": []}, "src/busfactor.py": {"executed_lines": [2, 9, 10, 12, 13, 14], "summary": {"covered_lines": 6, "num_statements": 6, "percent_covered": 100.0, "percent_covered_display": "100", "missing_lines": 0, "excluded_lines": 0}, "missing_lines": [], "excluded_lines": []}, "src/correctness.py": {"executed_lines": [1, 3, 5, 6, 7, 8, 10, 24], "summary": {"covered_lines": 8, "num_statements": 16, "percent_covered": 50.0, "percent_covered_display": "50", "missing_lines": 8, "excluded_lines": 0}, "missing_lines": [13, 14, 15, 17, 19, 20, 22, 25], "excluded_lines": []}, "src/gitclone.py": {"executed_lines": [1, 2, 3, 4, 6, 7, 8, 9, 10, 21, 22, 23, 24, 25, 26, 27, 28], "summary": {"covered_lines": 17, "num_statements": 28, "percent_covered": 60.714285714285715, "percent_covered_display": "61", "missing_lines": 11, "excluded_lines": 0}, "missing_lines": [11, 12, 13, 14, 15, 17, 18, 19, 29, 30, 31], "excluded_lines": []}, "src/licensing.py": {"executed_lines": [1, 3, 11, 12, 13, 14, 16], "summary": {"covered_lines": 7, "num_statements": 7, "percent_covered": 100.0, "percent_covered_display": "100", "missing_lines": 0, "excluded_lines": 0}, "missing_lines": [], "excluded_lines": []}, "src/metrics.py": {"executed_lines": [1, 2, 3, 4, 6, 7, 8, 9, 10, 11, 13, 15, 17, 18, 19, 21, 22, 23, 24, 25, 53, 55, 56, 57, 59, 60, 62, 63, 64, 65, 67, 70, 79, 82, 83, 84, 85, 87, 88, 90, 91, 93, 94, 96, 97, 99, 100, 102, 103, 105, 106, 108, 109, 111, 115, 116], "summary": {"covered_lines": 56, "num_statements": 56, "percent_covered": 100.0, "percent_covered_display": "100", "missing_lines": 0, "excluded_lines": 0}, "missing_lines": [], "excluded_lines": []}, "src/rampup.py": {"executed_lines": [1, 2, 15, 17, 18, 19, 20, 22, 24, 28, 29, 30, 31, 32, 33, 34, 35, 37, 38, 41, 42, 44, 47, 49, 51, 65, 67, 68, 69, 70, 71, 72, 74, 75, 76, 77, 78, 79, 80, 81, 82, 84, 85, 86, 87, 88, 89, 90, 91, 92, 93, 95, 96, 97, 98, 99, 101, 102, 116, 118, 119, 120, 121, 122, 123, 124, 127, 128, 129, 130, 131, 132, 135, 136, 139, 142, 143, 144, 146, 147, 148, 149, 151, 152, 154, 155, 157, 158, 160, 161, 162, 163, 164, 165, 166, 168, 170, 171, 173, 174, 176, 177, 178, 179, 181, 182, 183, 184, 185, 186, 187, 188], "summary": {"covered_lines": 112, "num_statements": 119, "percent_covered": 94.11764705882354, "percent_covered_display": "94", "missing_lines": 7, "excluded_lines": 0}, "missing_lines": [25, 26, 27, 39, 45, 125, 138], "excluded_lines": []}, "src/responseMaintainer.py": {"executed_lines": [1, 3, 4, 6, 7, 9, 10, 11, 12, 13, 14, 15, 16, 17, 18, 19, 22, 23], "summary": {"covered_lines": 18, "num_statements": 21, "percent_covered": 85.71428571428571, "percent_covered_display": "86", "missing_lines": 3, "excluded_lines": 0}, "missing_lines": [5, 8, 21], "excluded_lines": []}, "src/test/test_coverage.py": {"executed_lines": [1, 2, 3, 4, 7, 8, 9, 10, 11, 13, 14, 15, 16, 18, 22, 23, 25, 26, 27, 28, 30, 31, 32, 33, 34, 35, 36, 37, 39, 40], "summary": {"covered_lines": 30, "num_statements": 32, "percent_covered": 93.75, "percent_covered_display": "94", "missing_lines": 2, "excluded_lines": 0}, "missing_lines": [19, 20], "excluded_lines": []}}, "totals": {"covered_lines": 361, "num_statements": 402, "percent_covered": 89.80099502487562, "percent_covered_display": "90", "missing_lines": 41, "excluded_lines": 0}}