{"meta": {"version": "6.0.2", "timestamp": "2021-10-24T18:55:56.312313", "branch_coverage": false, "show_contexts": false}, "files": {"src/URL_info.py": {"executed_lines": [1, 2, 3, 4, 6, 7, 8, 9, 10, 11, 12, 13, 14, 15, 16, 18, 24, 25, 27, 28, 29, 30, 31, 33, 34, 36, 38, 39, 40, 41, 43, 44, 48, 50, 51, 53, 54, 55, 57, 58, 60, 62, 64, 65, 66, 68, 70, 71, 73, 74, 75, 76, 78, 80, 81, 82, 83, 84, 85, 86, 91, 93, 94, 95, 97, 98, 99, 101, 102, 103, 104, 106, 108, 110, 111, 113, 114, 115, 116, 117, 118, 119, 121, 123, 125, 138, 160], "summary": {"covered_lines": 87, "num_statements": 120, "percent_covered": 72.5, "percent_covered_display": "72", "missing_lines": 33, "excluded_lines": 0}, "missing_lines": [19, 20, 21, 45, 46, 87, 89, 112, 126, 127, 128, 129, 131, 132, 133, 135, 136, 140, 141, 142, 144, 151, 152, 153, 155, 156, 158, 161, 162, 163, 164, 165, 167], "excluded_lines": []}, "src/busfactor.py": {"executed_lines": [2], "summary": {"covered_lines": 1, "num_statements": 6, "percent_covered": 16.666666666666668, "percent_covered_display": "17", "missing_lines": 5, "excluded_lines": 0}, "missing_lines": [9, 10, 12, 13, 14], "excluded_lines": []}, "src/correctness.py": {"executed_lines": [1, 3, 24], "summary": {"covered_lines": 3, "num_statements": 16, "percent_covered": 18.75, "percent_covered_display": "19", "missing_lines": 13, "excluded_lines": 0}, "missing_lines": [5, 6, 7, 8, 10, 13, 14, 15, 17, 19, 20, 22, 25], "excluded_lines": []}, "src/gitclone.py": {"executed_lines": [1, 2, 3, 4, 6, 21], "summary": {"covered_lines": 6, "num_statements": 28, "percent_covered": 21.428571428571427, "percent_covered_display": "21", "missing_lines": 22, "excluded_lines": 0}, "missing_lines": [7, 8, 9, 10, 11, 12, 13, 14, 15, 17, 18, 19, 22, 23, 24, 25, 26, 27, 28, 29, 30, 31], "excluded_lines": []}, "src/licensing.py": {"executed_lines": [1, 3], "summary": {"covered_lines": 2, "num_statements": 7, "percent_covered": 28.571428571428573, "percent_covered_display": "29", "missing_lines": 5, "excluded_lines": 0}, "missing_lines": [11, 12, 13, 14, 16], "excluded_lines": []}, "src/metrics.py": {"executed_lines": [1, 2, 3, 4, 6, 7, 8, 9, 10, 11, 13, 15, 17, 18, 19, 21, 22, 23, 24, 25, 53, 55, 56, 57, 82, 90, 93, 96, 99, 102, 105, 108, 109, 111], "summary": {"covered_lines": 34, "num_statements": 56, "percent_covered": 60.714285714285715, "percent_covered_display": "61", "missing_lines": 22, "excluded_lines": 0}, "missing_lines": [59, 60, 62, 63, 64, 65, 67, 70, 79, 83, 84, 85, 87, 88, 91, 94, 97, 100, 103, 106, 115, 116], "excluded_lines": []}, "src/rampup.py": {"executed_lines": [1, 2, 15, 65, 116], "summary": {"covered_lines": 5, "num_statements": 119, "percent_covered": 4.201680672268908, "percent_covered_display": "4", "missing_lines": 114, "excluded_lines": 0}, "missing_lines": [17, 18, 19, 20, 22, 24, 25, 26, 27, 28, 29, 30, 31, 32, 33, 34, 35, 37, 38, 39, 41, 42, 44, 45, 47, 49, 51, 67, 68, 69, 70, 71, 72, 74, 75, 76, 77, 78, 79, 80, 81, 82, 84, 85, 86, 87, 88, 89, 90, 91, 92, 93, 95, 96, 97, 98, 99, 101, 102, 118, 119, 120, 121, 122, 123, 124, 125, 127, 128, 129, 130, 131, 132, 135, 136, 138, 139, 142, 143, 144, 146, 147, 148, 149, 151, 152, 154, 155, 157, 158, 160, 161, 162, 163, 164, 165, 166, 168, 170, 171, 173, 174, 176, 177, 178, 179, 181, 182, 183, 184, 185, 186, 187, 188], "excluded_lines": []}, "src/responseMaintainer.py": {"executed_lines": [1, 3], "summary": {"covered_lines": 2, "num_statements": 21, "percent_covered": 9.523809523809524, "percent_covered_display": "10", "missing_lines": 19, "excluded_lines": 0}, "missing_lines": [4, 5, 6, 7, 8, 9, 10, 11, 12, 13, 14, 15, 16, 17, 18, 19, 21, 22, 23], "excluded_lines": []}, "src/test/test_coverage.py": {"executed_lines": [1, 2, 3, 4, 7, 8, 9, 10, 11, 13, 14, 15, 16, 18, 22, 23, 25, 26, 27, 28, 30, 31, 32, 33, 34, 35, 36, 39, 40], "summary": {"covered_lines": 29, "num_statements": 32, "percent_covered": 90.625, "percent_covered_display": "91", "missing_lines": 3, "excluded_lines": 0}, "missing_lines": [19, 20, 37], "excluded_lines": []}}, "totals": {"covered_lines": 169, "num_statements": 405, "percent_covered": 41.72839506172839, "percent_covered_display": "42", "missing_lines": 236, "excluded_lines": 0}}